{"data_time": 0.006593980360776186, "eta_seconds": 11749.6310598813, "fast_rcnn/cls_accuracy": 0.8349609375, "fast_rcnn/false_negative": 0.3875, "fast_rcnn/fg_cls_accuracy": 0.39642857142857146, "iteration": 19, "loss_box_reg": 0.19294282048940659, "loss_cls": 0.8305871188640594, "loss_rpn_cls": 0.7089001536369324, "loss_rpn_loc": 0.1761244833469391, "loss_triple_branch_nonoverlapping_mask": 0.6916298270225525, "loss_triple_branch_overlapping_mask": 0.6918421685695648, "loss_triple_branch_whole_mask": 0.6931004226207733, "loss_triple_branch_whole_mask_coarse": 0.5186980664730072, "lr": 1.9981e-05, "roi_head/num_bg_samples": 232.75, "roi_head/num_fg_samples": 23.25, "rpn/num_neg_anchors": 203.25, "rpn/num_pos_anchors": 52.75, "time": 0.1958892159163952, "total_loss": 4.463961958885193, "triple_branch_nonoverlapping_branch_mask_rcnn/accuracy": 0.5767450953595724, "triple_branch_nonoverlapping_branch_mask_rcnn/false_negative": 0.19454144320630978, "triple_branch_nonoverlapping_branch_mask_rcnn/false_positive": 0.7017053683113412, "triple_branch_overlapping_branch_mask_rcnn/accuracy": 0.5403571428571428, "triple_branch_overlapping_branch_mask_rcnn/false_negative": 0.3347652845224754, "triple_branch_overlapping_branch_mask_rcnn/false_positive": 0.4763849259576481, "triple_branch_whole_mask_rcnn/accuracy": 0.6110076843237295, "triple_branch_whole_mask_rcnn/false_negative": 0.12811115850676882, "triple_branch_whole_mask_rcnn/false_positive": 0.8812155882401856}
